first,second,acc
100.0,100.0,0.7613963039014374
100.0,50.0,0.7613963039014374
100.0,10.0,0.7613963039014374
100.0,1.0,0.7613963039014374
50.0,100.0,0.7613963039014374
50.0,50.0,0.7613963039014374
50.0,10.0,0.7613963039014374
50.0,1.0,0.7613963039014374
10.0,100.0,0.7613963039014374
10.0,50.0,0.7613963039014374
10.0,10.0,0.7613963039014374
10.0,1.0,0.7613963039014374
1.0,100.0,0.7613963039014374
1.0,50.0,0.7613963039014374
1.0,10.0,0.7613963039014374
1.0,1.0,0.7613963039014374
